Description,Index
"La Comédie humaine, Vol. 17, Études de mœurs, by Honoré de Balzac        
 [Subtitle: La cousine Bette -- Le cousin Pons]
 [Language: French]",74126
"Œuvres complètes de Guy de Maupassant - volume 25, by Guy de Maupassant  
 [Language: French]",73633
"La Comédie humaine, Volume 16, Études philosophiques et Études           
 analytiques, by Honoré de Balzac
 [Language: French]",73552
"Œuvres complètes de Victor Hugo, by Victor Hugo                          
 [Subtitle: Poésie VII]
 [Illustrator: François Flameng]
 [Language: French]",72885
"La Comédie humaine, Volume XV, Études philosophiques,                    
 by Honoré de Balzac
 [Language: French]",72034
"La Comédie humaine - Volume XIV, by Honoré de Balzac                     
 [Subtitle: Études philosophiques]
 [Language: French]",71773
"Pauline, by Alexandre Dumas                                              
 [Subtitle: Pascal Bruno]
 [Language: French]",71510
"Œuvres complètes de Victor Hugo - volume 21, by Victor Hugo              
 [Subtitle: Notre-Dame de Paris - Tome 2]
 [Illustrator: Fran?ois Flameng]
 [Language: French]",71445
"Œuvres complètes de Guy de Maupassant, Vol. 24, by Guy de Maupassant     
 [Language: French]",71331
"Œuvres complètes de Guy de Maupassant, volume 23, by Guy de Maupassant   
 [Language: French]",71299
"Œuvres complètes de Guy de Maupassant, Volume 22                         
 [Language: French]",71172
"Constantinople, by Théophile Gautier                                     
 [Language: French]",71059
"La Comédie humaine, Volume 13, by Honoré de Balzac                       
 [Subtitle: Scenes de la vie militaire et Scènes de la vie de campagne]
 [Language: French]",71022
"Clerambault, by Romain Rolland                                           
 [Subtitle: Histoire d'une concience libre pendant la guerre]
 [Language: French]",70956
"Œuvres complètes de Victor Hugo - Volume 20, by Victor Hugo              
 [Subtitle: Notre-Dame de Paris - Tome 1]
 [Illustrator: Fran?ois Flameng]
 [Language: French]",70891
"Œuvres complètes de Gustave Flaubert, tome 8,                            
 [Language: French]",70260
"L'Anglais mangeur d'opium, by Thomas de Quincey                          
 [Subtitle: Traduit de l'Anglais et augment? par Alfred de Musset,
  avec une notice par M. Arthur Heulhard]
 [Language: French]",69802
"Œuvres de Voltaire Tome XX, by Voltaire and A. J. Q. Beuchot             
 [Subtitle: Siècle de Louis XIV, Tome II]
 [Language: French]",69631
"Les dames vertes, by George Sand                                         
 [Subtitle: OEuvres de George Sand]
 [Language: French]",69098
"Oeuvres de Voltaire Tome XIX, by Voltaire                                
 [Subtitle: Siècle de Louis XIV, Tome I]
 [Language: French]",68355
"Œuvres complètes de Guy de Maupassant - volume 21, by Guy de Maupassant  
 [Language: French]",68271
"Œuvres complètes de Guy de Maupassant, Vol. 20 of 29,                    
 by Guy de Maupassant
 [Language: French]",68036
"Œuvres complètes de Guy de Maupassant, Volume 19, by Guy de Maupassant   
 [Language: French]",67940
"La Comédie humaine, Vol. 12, Scènes de la vie parisienne et scènes       
 de la vie politique, by Honoré de Balzac
 [Language: French]",67264
"Mahatma Gandhi, by Romain Rolland                                        
 [Language: French]",67205
"Oeuvres complètes de Guy de Maupassant, by Guy de Maupassant             
 [Language: French]",67158
"Œuvres complètes de Guy de Maupassant - volume 17, by Guy de Maupass     
 [Language: French]",67074
"Œuvres complètes de Guy de Maupassant, by Guy de Maupassant              
 [Language: French]",67024
"Trois Églises, by Joris-Karl Huysmans                                    
 [Subtitle: Eaux-fortes originales de Ch. Jouas]
 [Illustrator: Charles Jouas]
 [Language: French]",66995
"Vie de Beethoven, by Romain Rolland                                      
 [Language: French]",66878
"Victor Hugo à vingt ans, by Pierre Dufay                                 
 [Subtitle: Glanes romantiques]
 [Language: French]",66834
"Chez l'illustre Écrivain, by Octave Mirbeau                              
 [Language: French]",66681
"Œuvres complètes de Gustave Flaubert, tome 7, by Gustave Flaubert        
 [Language: French]",66505
"La Poupée Sanglante, by Gaston Leroux                                    
 [Language: French]",65878
"Les Rêveries du Promeneur Solitaire, by Jean-Jacques Rousseau            
 [Subtitle: Ouvrage faisant suite aux Confessions]
 [Language: French]",65434
"Œuvres de jeunesse inédites, by Gustave Flaubert                         
 [Subtitle: II: 1839-1842. Œuvres diverses.--Novembre.]
 [Language: French]",65111
"Deux romanciers de Provence: Honoré d'Urfé et Émile Zola,                
 by Edmond Rostand
 [Subtitle: Le roman sentimental et le roman naturaliste]
 [Language: French]",64966
"Jean Sbogar, by Charles Nodier                                           
 [Illustrators: Luděk Marold, Luigi Rossi Mittis, and Georges Picard] 
 [Language: French]",64289
"Pierre et Luce, by Romain Rolland                                        
 [Illustrator: Gabriel Belot]
 [Language: French]",64274
"Lettres à M. Panizzi, tome II, by Louis Fagan and Prosper Mérimée        
 [Language: French]",64168
"La comédie de celui qui épousa une femme muette, by Anatole France       
 [Language: French]",63794
"Post-scriptum de ma vie, by Victor Hugo                                  
 [Language: French]",63768
"Les Jeunes-France, romans goguenards, suivis de Contes humoristiques,    
 by Théophile Gautier
 [Language: French]",63244
"Manette Salomon, by Edmond de Goncourt and Jules de Goncourt             
 [Language: French]",63179
"Mauprat, by George Sand                                                  
 [Illustrator: Julien Le Blant]
 [Language: French]",62787
"Les Dieux et les Demi-Dieux de la Peinture, by Théophile Gautier,        
 Arsène Houssaye, and Paul de Saint-Victor
 [Illustrator: M. Calamatta]
 [Language: French]",62753
"Le Fantôme de l'Opéra, by Gaston Leroux                                  
 [Language: French]",62215
"Le roi Voltaire, by Arsène Houssaye                                      
 [Language: French]",62196
"Jean-Christophe, Vol. 4 of 4, by Romain Rolland                          
 [Subtitle: Le Buisson Ardent, La Nouvelle Journée]
 [Language: French]",62021
"Jean-Christophe, Vol. 3 of 4, by Romain Rolland                          
 [Subtitle: Antoinette, Dans la maison, Les Amies]
 [Language: French]",61970
"Jean-Christophe, Vol. 2 of 4, by Romain Rolland                          
 [Subtitle: La Révolte, La Foire sur la Place]
 [Language: French]",61876
"Jean-Christophe, Vol. 1 of 4, by Romain Rolland                          
 [Subtitle: L'Aube, Le Matin, L'Adolescent]
 [Language: French]",61868
"Le beau Laurence, by George Sand                                         
 [Language: French]",61411
"De l'Amour, by Stendhal and Charles-Augustin Sainte-Beuve                
 [Subtitle: Édition revue et corrigée et précédée d'une
  étude sur les oeuvres de Stendhal par Sainte-Beuve]
 [Language: French]",60882
"Adriani, by George Sand                                                  
 [Language: French]",60812
"Le capitaine Fracasse, by Théophile Gautier                              
 [Illustrator: Gustave Doré]
 [Language: French]",60746
"L'Âme Enchantée II: L'Été, by Romain Rolland                             
 [Language: French]",60666
"Oeuvres complètes de Guy de Maupassant, by Guy de Maupassant             
 [Subtitle: Monsieur Parent]
 [Language: French]",60610
"La Comédie humaine, Volume XI, by Honoré de Balzac                       
 [Subtitle: Scènes de la vie parisienne, tome III]
 [Language: French]",60551
"Les naufragés du Jonathan, by Jules Verne                                
 [Illustrator: George Roux]
 [Language: French]",60450
"Ruy Blas, by Victor Hugo                                                 
 [Subtitle: Drame]
 [Language: French]",60354
"Lucien Leeuwen ou l'Amarante et le Noir, by Stendhal                     
 [Subtitle: Tome Second]
 [Illustrator: Maximilien Vox]
 [Language: French]",60033
"Lucien Leeuwen ou l'Amarante et le Noir, by Stendhal                     
 [Subtitle: Tome Premier]
 [Illustrator: Maximilien Vox]
 [Language: French]",60030
"Candide, by Voltaire                                                     
 [Subtitle: ou L'optimisme]
 [Language: French]",59859
"Evenor et Leucippe, by George Sand                                       
 [Subtitle: Les amours de l'Âge d'Or - Légende antidéluvienne]
 [Language: French]",58299
"La Comédie humaine - Volume 10, by Honoré de Balzac                      
 [Subtitle: Scènes de la vie parisienne - Tome 2]
 [Language: French]",58244
"Les trois mousquetaires, Vol. 2 of 2, by Alexandre Dumas                 
 [Illustrator: Maurice Leloir]
 [Language: French]",58211
"Le jardin des supplices, by Octave Mirbeau                               
 [Language: French]",57775
"OEuvres complètes de Guy de Maupassant, Volume 14                        
 [Language: French]",57567
"OEuvres complètes de Gustave Flaubert, tome 6, by Gustave Flaubert       
 [Language: French]",57525
"Ed. Manet, étude biographique et critique, by Émile Zola                 
 [Language: French]",57461
"Mémoires de Garibaldi, tome 2/2, by Alexandre Dumas                      
 [Language: French]",57454
"OEuvres complètes de Guy de Maupassant, Volume 13,                       
 [Language: French]",57430
"OEuvres complètes de Gustave Flaubert, tome 5, by Gustave Flaubert       
 [Language: French]",57373
"Machado de Assis Son Oevre Littéraire,                                   
 by M. de Oliveira Lima and Victor Orban
 [Subtitle: Avec une préface de Anatole France]
 [Language: French]",57360
"Mémoires de Garibaldi, tome 1/2, by Alexandre Dumas                      
 [Language: French]",57019
"La vérité en marche, by Émile Zola                                       
 [Subtitle: L'affaire Dreyfus]
 [Language: French]",56808
"Correspondance, by Émile Zola                                            
 [Subtitle: Les lettres et les arts]
 [Language: French]",56622
"OEuvres complètes de Guy de Maupassant, Volume 12                        
 [Language: French]",56523
"Lettres à une inconnue, Tome Deuxième, by Prosper Mérimée                
 [Subtitle: Précédée d'une étude sur P. Mérimée par H. Taine]
 [Language: French]",56474
"Lettres à une inconnue, Tome Premier, by Prosper Mérimée                 
 [Subtitle: Précédée d'une étude sur P. Mérimée par H. Taine]
 [Language: French]",56473
"Oeuvres complètes de Guy de Maupassant; Vol. 11                          
 [Language: French]",56374
"A rebours, by Joris-Karl Huysmans                                        
 [Illustrator: Auguste Leroux]
 [Language: French]",56149
"Les trois mousquetaires, Volume  1 of 2, by Alexandre Dumas              
 [Illustrator: Maurice Leloir]
 [Language: French]",56054
"Les grands navigateurs du XIIIe siècle, by Jules Verne                   
 [Illustrator: Paul Philippoteaux]
 [Language: French]",55869
"La Comédie humaine - Volume IX, by Honoré de Balzac                      
 [Subtitle: Scènes de la vie parisienne - Tome I]
 [Language: French]",55860
"Histoire du chien de Brisquet / The Story of Brisquet's Dog,             
 by Charles Nodier
 [Language: French]",55605
"Correspondance, by Émile Zola                                            
 [Subtitle: Lettres de jeunesse]
 [Language: French]",55517
"Oeuvres complètes de Guy de Maupassant, Volume 10                        
 [Language: French]",55167
"P'tit-bonhomme, by Jules Verne                                           
 [Illustrator: Léon Benett]
 [Language: French]",55135
"Vingt mille lieues sous les mers, by Jules Verne                         
 [Illustrators: Alphonse de Neuville and Edouard Riou]
 [Language: French]",54873
"La Comédie humaine - Volume VIII, by Honoré de Balzac                    
 [Subtitle: Scènes de la vie de Province - Tome IV]
 [Language: French]",54723
"La 628-E8, by Octave Mirbeau                                             
 [Subtitle: Avec le chapitre intégral Balzac""]
 [Language: French]",54528
"Vie de Henri Brulard, Tome 2 of 2, by Stendhal                           
 [Language: French]",53779
"Vie de Henri Brulard, tome 1 of 2, by Stendhal                           
 [Language: French]",53749
"Les voyageurs du XIXe siècle, by Jules Verne                             
 [Illustrator: Léon Benett]
 [Language: French]",53439
"Honoré de Balzac, by Théophile Gautier                                   
 [Language: French]",53399
"Oeuvres complètes de Guy de Maupassant, Volume 9, by Guy de Maupassant   
 [Language: French]",53247
"OEuvres complètes de Gustave Flaubert, tome 4, by Gustave Flaubert       
 [Language: French]",52893
"La Comédie humaine - Vol. 7, by Honoré de Balzac                         
 [Subtitle: Scènes de la vie de province - Tome III]
 [Language: French]",52831
"Oeuvres complètes de Guy de Maupassant, Vol. 8, by Guy de Maupassant     
 [Language: French]",52753
"Victor Hugo, by Théophile Gautier                                        
 [Language: French]",51977
"Romans et contes, by Théophile Gautier                                   
 [Language: French]",51632
"Oeuvres complètes de Guy de Maupassant, Vol. 7, by Guy de Maupassant     
 [Language: French]",51423
"La Comédie Humaine, Vol. 6, by Honoré de Balzac                          
 [Subtitle: Scènes de la vie de Province - Tome II]
 [Language: French]",51381
"L'autre monde ou Histoire comique des Etats et Empires de la Lune,       
 by Savinien de Cyrano de Bergerac
 [Illustrator: Albert Robida]
 [Language: French]",51338
"OEuvres complètes, de Guy de Maupassant                                  
 [Language: French]",51266
"Delphine Gay, Mme de Girardin, dans ses rapports avec Lamartine,         
 Victor Hugo, Balzac, Rachel, Jules Sandeau, Dumas, Eugène Sue,
 by Leon Séché
 [Language: French]",51156
"Clio, by Anatole France                                                  
 [Illustrator: N. Mucha]
 [Language: French]",50664
"Lettres à Mademoiselle de Volland, by Denis Diderot                      
 [Language: French]",50605
"Elémens de la philosophie de Neuton, by Francois-Marie de Voltaire       
 [Subtitle: Mis à la portée de tout le monde]
 [Language: French]",50340
"Contes de lundi, by Alphonse Daudet                                      
 [Language: French]",50154
"Oeuvres complètes de Guy de Maupassant, Vol. 5, by Guy de Maupassant     
 [Language: French]",50144
"OEuvres complètes de Gustave Flaubert, tome 3, by Gustave Flaubert       
 [Language: French]",49773
"La Comédie humaine, Vol. 5, by Honoré de Balzac                          
 [Subtitle: Scènes de la vie de Province - Tome 1]
 [Language: French]",49482
"OEuvres complètes de Gustave Flaubert, tome 2, by Gustave Flaubert       
 [Language: French]",48881
"Ouvres complètes de Gustave Flaubert, Tome 1 of 8, by Gustave Flaubert   
 [Subtitle: Madame Bovary; Édition definitive
  d'après les manuscrits originaux]
 [Language: French]",48359
"La Comédie humaine, Vol. 4, by Honoré de Balzac                          
 [Language: French]",48082
"La maison d'un artiste, Tome 2, by Edmond de Goncourt                    
 [Language: French]",47171
"Gabriel Lambert, by Alexandre Dumas                                      
 [Language: French]",46747
"Le Tour du monde en quatre-vingts jours, by Jules Verne                  
 [Illustrators: De Neuville and L. Benett]
 [Language: French]",46541
"Oeuvres complètes de Guy de Maupassant, by Guy de Maupassant             
 [Language: French]",46470
"Oeuvres complètes de Guy de Maupassant - volume 3, by Guy de Maupassant  
 [Subtitle: La maison Tellier; Ma femme;
  Les conseils d'une grand'mère]
 [Language: French]",46387
"La maison d'un artiste, by Edmond de Goncourt                            
 [Language: French]",46183
"La femme au dix-huitième siècle, by Edmond de Goncourt                   
 and Jules de Goncourt
 [Language: French]",46142
"Autour de la lune, by Jules Verne                                        
 [Illustrators: Emile Bayard, A. de Neuville,
  and Hildibrand]
 [Language: French]",46111
"L'âme enchantée, Vol.1, by Romain Rolland                                
 [Subtitle: Annette et Sylvie]
 [Language: French]",45970
"Poésies Complètes - Tome 2, by Théophile Gautier                         
 [Language: French]",45886
"Tamaris, by George Sand                                                  
 [Language: French]",45753
"Oeuvres complètes de Guy de Maupassant, Volume 2, by Guy de Maupassant   
 [Language: French]",45312
"Oeuvres complètes de Guy de Maupassant - volume 1, by Guy de Maupassant  
 [Subtitle: Boule de suif]
 [Language: French]",45119
"La comédie humaine, volume III, by Honoré de Balzac                      
 [Subtitle: Scènes de la vie privée tome III]
 [Language: French]",45060
"Les tribulations d'un chinois en Chine, by Jules Verne                   
 [Illustrator: Benett]
 [Language: French]",45058
"Cinq-Mars, (Tome II of 2), by Alfred de Vigny                            
 [Subtitle: ou, Une conjuration sous Louis XIII]
 [Illustrator: Pierre Georges Jeanniot]
 [Language: French]",44199
"Cinq-Mars, (Tome I of 2), by Alfred de Vigny                             
 [Subtitle: ou, Une conjuration sous Louis XIII]
 [Illustrator: Pierre Georges Jeanniot]
 [Language: French]",44198
"Poésies Complètes, Tome 1 of 2 by Théophile Gautier                      
 [Language: French]",44180
"Émaux et camées, by Théophile Gautier                                    
 [Illustrator: Jules Jacquemart]
 [Language: French]",44160
"Le Calvaire, by Octave Mirbeau                                           
 [Language: French]",44139
"La Coupe; Lupo Liverani; Le Toast; Garnier; Le Contrebandier;            
 La Rêverie à Paris, by George Sand
 [Language: French]",43889
"La comédie humaine, volume II, by Honoré de Balzac                       
 [Subtitle: Scènes de la vie privée tome II]
 [Language: French]",43851
"La Cour de Lunéville au XVIIIe siècle, by Gaston Maugras                 
 [Subtitle: Les marquises de Boufflers et du Châtelet,
  Voltaire, Devau, Saint-Lambert, etc.]
 [Language: French]",42986
"Histoire de ma Vie, Livre 3 (Vol. 10 - 13), by George Sand               
 [Language: French]",42765
"Le Rhin, Tome II, by Victor Hugo                                         
 [Language: French]",42151
"Le Rhin I, by Victor Hugo                                                
 [Language: French]",41986
"Dictionnaire raisonn?es onomatop? fran?ses, by Charles Nodier      
 [Language: French]",41577
"Histoire de ma Vie, Livre 2 (Vol. 5 to 9), by George Sand                
 [Language: French]",41322
"Le Rhin. T. IV, by Victor Hugo                                           
 [Language: French]",40239
"Le Rhin. T. III, by Victor Hugo                                          
 [Language: French]",40172
"Jacques le fataliste et son ma?e, by Denis Diderot                     
 [Language: French]",39976
"L?a, by George Sand                                                    
 [Illustrators: Tony Johannot and Maurice Sand]
 [Language: French]",39738
"Musiciens d'autrefois, by Romain Rolland                                 
 [Language: French]",39687
"Andr?e Savoyard, by Charles Paul de Kock                               
 [Language: French]",39679
"Histoire de ma Vie, Livre 1 (Vol.1 to 4), by George Sand                 
 [Language: French]",39101
"De la terre ?a lune, by Jules Verne                                    
 [Subtitle: trajet direct en 97 heures 20 minutes]
 [Illustrator: de Montaut]
 [Language: French]",38674
"Victor Hugo, son oeuvre po?que, by Ernest Dupuy                        
 [Language: French]",38074
"Lettres d'un voyageur, by George Sand                                    
 [Language: French]",37989
"Vie de Tolstoy, by Romain Rolland                                        
 [Language: French]",37951
"Le comte de Moret, by Alexandre Dumas                                    
 [Language: French]",37771
"Les bijoux indiscrets, by Denis Diderot                                  
 [Language: French]",37491
"Les Pr?rseurs, by Romain Rolland                                       
 [Language: French]",37306
"Pr?ces et manifestes litt?ires,                                      
 by Edmond de Goncourt and Jules de Goncourt
 [Language: French]",37051
"Le barbier de S?lle ou la pr?ution inutile,                          
 by Pierre Augustin Caron de Beaumarchais
 [Language: French]",36826
"Cr?ion et r?mption; by Alexandre Dumas                               
 [Subtitle: Premi? partie: Le docteur myst?eux]
 [Language: French]",36812
"Lettres de mon moulin, by Alphonse Daudet                                
 [Language: French]",36780
"Les Dieux ont soif, by Anatole France                                    
 [Language: French]",36477
"Jacques Ortis; Les fous du docteur Miraglia, by Alexandre Dumas          
 [Language: French]",35951
"Quelques cr?ures de ce temps,                                          
 by Edmond de Goncourt and Jules de Goncourt
 [Language: French]",35223
"L'autre Tartuffe, ou La m? coupable,                                   
 by Pierre Augustin Caron de Beaumarchais          
 [Language: French]",34841
"L'enfant de ma femme, by Charles Paul de Kock                            
 [Language: French]",34432
"Histoire de Marie-Antoinette,                                            
 by Edmond de Goncourt and Jules de Goncourt
 [Subtitle: Nouvelle ?tion revue et augment?
 [Language: French]",34351
"La petite fadette, by George Sand                                        
 [Language: French]",34204
"Lettres persanes, tome II,                                               
 by Charles-Louis de Secondat, baron de Montesquieu
 [Language: French]",33856
"Documents In?ts sur Alfred de Musset, by Maurice Clouard               
 [Language: French]",33738
"Vie de Jeanne d'Arc, by Anatole France                                   
 [Subtitle: Vol. 2 de 2]
 [Language: French]",33693
"Vie de Jeanne d'Arc, by Anatole France                                   
 [Subtitle: Vol. 1 de 2]
 [Language: French]",33692
"Histoire du v?table Gribouille, by George Sand                         
 [Illustrator: Maurice Sand]
 [Language: French]",32640
"Madeleine, by Charles Paul de Kock                                       
 [Language: French]",32113
"""La Guzla"" de Prosper Mérimée, by Voyslav M. Yovanovitch                 
 [Language: French]",31474
"Jean, by Charles Paul de Kock                                            
 [Language: French]",31069
"Le Piccinino, by George Sand                                             
 [Language: French]",30831
"La Femme de Paul, by Guy de Maupassant                                   
 [Language: French]",30587
"Atar-Gull, Un Corsaire, Le Parisien en Mer, Voyages et                   
 Aventures sur Mer de Narcisse Gelin, by Eugène Sue
 [Subtitle: romans maritimes]
 [Language: French]",30582
"La fille Elisa, by Edmond de Goncourt                                    
 [Language: French]",30317
"Les Femmes qui tuent et les Femmes qui votent, by Alexandre Dumas, Fils  
 [Language: French]",29937
"Les contemplations, v 2-2, by Victor Hugo                                
 [Language: French]",29844
"Les contemplations, v 1-2, by Victor Hugo                                
 [Language: French]",29843
"Le Roi s'amuse, by Victor Hugo                                           
 [Language: French]",29549
"Les mystères du peuple, Tome III by Eugène Sue                           
 [Subtitle: Histoire d'une famille de prolétaires à travers les âges]
 [Language: French]",29094
"Cadio, by George Sand                                                    
 [Language: French]",28977
"La religieuse, by Denis Diderot                                          
 [Language: French]",28827
"Le poëme de Myrza - Hamlet, by George Sand                               
 [Language: French]",28623
"L'oiseau blanc, by Denis Diderot                                         
 [Subtitle: conte bleu]
 [Language: French]",28605
"Entretien d'un père avec ses enfants, by Denis Diderot                   
 [Language: French]",28604
"Les deux amis de Bourbonne, by Denis Diderot                             
 [Language: French]",28603
"Ceci n'est pas un conte, by Denis Diderot                                
 [Language: French]",28602
"Alfred de Musset et George Sand, by Maurice Clouard                      
 [Subtitle: dessins par Alfred de Musset]
 [Language: French]",28211
"Alfred de Musset, by Arvède Barine                                       
 [Language: French]",28210
"Colas Breugnon, by Romain Rolland                                        
 [Subtitle: R?t bourguignon]
 [Language: French]",27854
"Les mystères du peuple, tome I, by Eugène Sue                            
 [Subtitle: Histoire d'une famille de prolétaires à travers les âges]
 [Language: French]",27843
"Le Roman Comique, by Paul Scarron                                        
 [Language: French]",27772
"Esprit des lois, by Montesquieu, Charles de Secondat                     
 [Subtitle: livres I a V, precedes d'une introduction de l'editeur]
 [Language: French]",27573
"Michel Strogoff, by Jules Verne and A. D'Ennery                          
 [Subtitle: Pièce à grand spectacle en 5 actes et 16 tableaux]
 [Language: French]",26823
"Un coeur simple, by Gustave Flaubert                                     
 [Language: French]",26812
"Gamiani, by Alfred de Musset                                             
 [Subtitle: ou Une nuit d'excès]
 [Language: French]",26806
"Le secrétaire intime, by George Sand                                     
 [Language: French]",26614
"La tulipe noire, by Alexandre Dumas                                      
 [Language: French]",26504
"Creation et redemption, by Alexandre Dumas                               
 [Subtitle: Deuxieme partie: La fille du marquis]
 [Language: French]",26476
"Les beaux messieurs de Bois-Dore, by George Sand                         
 [Language: French]",25981
"Correspondance de Voltaire avec le roi de Prusse, by Francois Arouet     
 Voltaire and Frederic II, Roi de Prusse
 [Language: French]",25734
"Le temple de Gnide, by Charles-Louis de Secondat Baron Montesquieu       
 [Language: French]",24260
"Un dilemme, by Joris-Karl Huysmans                                       
 [Language: French]",23940
"La Mare au Diable, by George Sand                                        
 [Language: French]",23582
"Oeuvres completes de Alfred de Musset - Tome 4                           
 [Language: French]",22394
"Napoleon Le Petit, by Victor Hugo                                        
 [Language: French]",22048
"La San-Felice, Vol. 9, by Alexandre Dumas                                
 [Language: French]",21191
"La San-Felice, Tome 8, by Alexandre Dumas                                
 [Language: French]",21017
"Audio: Le tour du monde en quatre-vingts jours by Jules Verne            
 [Language: French]",20973
"Audio: Fables de La Fontaine, Livre Premier, by Jean de La Fontaine      
 [Language: French]",20971
"La Folle Journee ou le Mariage de Figaro, by Pierre Augustin Caron       
 de Beaumarchais
 [Language: French]",20577
"Le prince corsaire, by Paul Scarron                                      
 [Language: French]",20325
"Les Maitres sonneurs, by George Sand                                     
 [Language: French]",20254
"Oeuvres completes, Vol. 3, by Alfred de Musset                           
 [Language: French]",20246
"La vie litteraire, by Anatole France                                     
 [Subtitle: Quatrieme s,rie]
 [Language: French]",20143
"Notre-Dame de Paris, by Victor Hugo                                      
 [Language: French]",19657
"La vie litteraire, by Anatole France                                     
 [Subtitle: Troisieme serie]
 [Language: French]",19345
"La vie litteraire, by Anatole France                                     
 [Subtitle: Deuxieme serie]
 [Language: French]",19344
"La vie litteraire, by Anatole France                                     
 [Subtitle: Premiere serie]
 [Language: French]",19249
"Opinions sociales, by Anatole France                                     
 [Language: French]",19248
"Les opinions de M. Jerome Coignard, by Anatole France                    
 [Subtitle: Recueillies par Jacques Tournebroche]
 [Language: French]",19233
"Le fauteuil hante, by Gaston Leroux                                      
 [Language: French]",19035
"Jean-Jacques Rousseau, by Jules Lemaitre                                 
 [Language: French]",18996
"La San-Felice, Tome VI, by Alexandre Dumas                               
 [Language: French]",18826
"La San-Felice, Tome V, by Alexandre Dumas                                
 [Language: French]",18773
"Hokousai, by Edmond de Goncourt                                          
 [Subtitle: L'art japonais au XVII SiŠcle]
 [Language: French]",18724
"Le capitaine Pamphile, by Alexandre Dumas                                
 [Language: French]",18697
"La San-Felice, Tome IV, by Alexandre Dumas                               
 [Language: French]",18586
"Abrege de l'Histoire Universelle depuis Charlemagne jusques              
 a Charlequint, Tome Premier, by Voltaire
 [Language: French]",18543
"La San-Felice, Tome III, by Alexandre Dumas                              
 [Language: French]",18402
"La San-Felice, Tome II, by Alexandre Dumas                               
 [Language: French]",18401
"La petite roque, by Guy de Maupassant                                    
 [Language: French]",18353
"Acte, by Alexandre Dumas                                                 
 [Language: French]",18321
"Georges, by Alexandre Dumas                                              
 [Language: French]",18271
"Servitude et grandeur militaires, by Alfred de Vigny                     
 [Language: French]",18211
"Simon, by George Sand                                                    
 [Language: French]",18205
"Le Collier de la Reine, Tome II, by Alexandre Dumas                      
 [Language: French]",18200
"Le Collier de la Reine, Tome I, by Alexandre Dumas                       
 [Language: French]",18199
"Smarra ou les demons de la nuit, by Charles Nodier                       
 [Subtitle: Songes romantiques]
 [Language: French]",18083
"Mademoiselle La Quintinie, by George Sand                                
 [Language: French]",18075
"Journal des Goncourt (Troisieme serie, troisieme volume),                
 by Edmond de Goncourt
 [Subtitle: Memoires de la vie litteraire]
 [Language: French]",18055
"Le chevalier d'Harmental, by Alexandre Dumas                             
 [Language: French]",18028
"Le Chevalier de Maison-Rouge, by Alexandre Dumas                         
 [Language: French]",18006
"La femme au collier de velours, by Alexandre Dumas                       
 [Language: French]",18003
"Le comte de Monte-Cristo, Tome IV, by Alexandre Dumas                    
 [Language: French]",17992
"Le comte de Monte-Cristo, Tome III, by Alexandre Dumas                   
 [Language: French]",17991
"Le comte de Monte-Cristo, Tome II, by Alexandre Dumas                    
 [Language: French]",17990
"Le comte de Monte-Cristo, Tome I, by Alexandre Dumas                     
 [Language: French]",17989
"Journal des Goncourt (Troisieme serie, deuxieme volume),                 
 by Edmond de Goncourt
 [Subtitle: Memoires de la vie litteraire]
 [Language: French]",17947
"Fables de La Fontaine, Tome Second, by Jean de La Fontaine               
 [Language: French]",17942
"Fables de La Fontaine, Tome Premier, by Jean de La Fontaine              
 [Language: French]",17941
"Mistress Branican, by Jules Verne                                        
 [Language: French]",17914
"Legendes rustiques, by George Sand                                       
 [Language: French]",17911
"Une ville flottante, by Jules Verne                                      
 [Language: French]",17832
"L'île à hélice, by Jules Verne                                           
 [Language: French]",17798
"Le pays des fourrures, by Jules Verne                                    
 [Language: French]",17796
"La derniŠre Aldini, by George Sand                                       
 [Subtitle: Simon]
 [Language: French]",17795
"Journal des Goncourt, Troisième série, premier volume,                   
 by Edmond de Goncourt
 [Subtitle: Mémoires de la vie littéraire]
 [Language: French]",17746
"La San-Felice, Tome I, by Alexandre Dumas                                
 [Language: French]",17693
"L'archipel en feu, by Jules Verne                                        
 [Language: French]",17660
"Journal d'un voyageur pendant la guerre, by George Sand                  
 [Language: French]",17589
"Sacountala (1858), by Théophile Gautier                                  
 [Subtitle: ballet-pantomime en deux actes
  / tiré du drame indien de Calidasâ]
 [Language: French]",17578
"Son Excellence Eugène Rougon, by Émile Zola                              
 [Language: French]",17557
"La curée, by Émile Zola                                                  
 [Language: French]",17553
"Les femmes d'artistes, by Alphonse Daudet                                
 [Language: French]",17550
"Le rêve, by Émile Zola                                                   
 [Language: French]",17533
"Les misérables Tome V: Jean Valjean, by Victor Hugo                      
 [Language: French]",17519
"Les misérables Tome IV: L'idylle rue Plumet ... rue Saint-Denis,         
 by Victor Hugo
 [Subtitle: L'idylle rue Plumet et l'épopée rue Saint-Denis]
 [Language: French]",17518
"L'oeuvre, by Émile Zola                                                  
 [Language: French]",17517
"L'argent, by Émile Zola                                                  
 [Language: French]",17516
"Journal des Goncourt (Deuxième série, troisième volume),                 
 by Edmond de Goncourt
 [Subtitle: Mémoires de la vie littéraire]
 [Language: French]",17505
"Les misérables Tome III: Marius, by Victor Hugo                          
 [Language: French]",17494
"Les misérables Tome II: Cosette, by Victor Hugo                          
 [Language: French]",17493
"Les misérables Tome I: Fantine, by Victor Hugo                           
 [Language: French]",17489
"Une vie, by Guy de Maupassant                                            
 [Language: French]",17457
"Journal des Goncourt (Deuxième série, deuxième volume),                  
 by Edmond de Goncourt
 [Subtitle: Mémoires de la vie littéraire]
 [Language: French]",17420
"Histoire comique, by Anatole France                                      
 [Language: French]",17345
"Germinie Lacerteux, by Edmond de Goncourt and Jules de Goncourt          
 [Language: French]",17285
"Correspondance de Chateaubriand avec la marquise de Vichet,              
 by François-René de Chateaubriand et Marie-Louise de Vichet
 [Subtitle: Un dernier amour de René]
 [Language: French]",17261
"Valentine, by George Sand                                                
 [Language: French]",17251
"Journal des Goncourt (Deuxième série, premier volume),                   
 by Edmond de Goncourt
 [Subtitle: Mémoires de la vie littéraire]
 [Language: French]",17238
"La comtesse de Rudolstadt, by George Sand                                
 [Language: French]",17225
"Journal des Goncourt (Troisième volume), by Edmond de Goncourt,          
 and Jules de Goncourt
 [Subtitle: Mémoires de la vie littéraire]
 [Language: French]",17123
"Ubu Roi, by Alfred Jarry                                                 
 [Subtitle: ou les Polonais]
 [Language: French]",16884
"Au bonheur des dames, by Émile Zola                                      
 [Language: French]",16852
"Numa Roumestan, by Alphonse Daudet                                       
 [Subtitle: Moeurs Parisiennes]
 [Language: French]",16848
"Le village aérien, by Jules Verne                                        
 [Language: French]",16827
"Face au drapeau, by Jules Verne                                          
 [Language: French]",16826
"Le Journal d'une Femme de Chambre, by Octave Mirbeau                     
 [Language: French]",16820
"Lucrezia Floriani, by George Sand                                        
 [Language: French]",16286
"La Vénus d'Ille, by Prosper Mérimée                                      
 [Language: French]",16240
"Colomba, by Prosper Mérimée                                              
 [Language: French]",16239
"La mort de Cesar, by Voltaire                                            
 [Subtitle: Tragédie en trois actes - avec les changemens
  fait par le citoyen Gohier ministre de la justice]
 [Language: French]",15805
"La mort de Cesar, by Voltaire                                            
 [Language: French]",15804
"Nord contre sud, by Jules Verne                                          
 [Language: French]",15646
"Port-Tarascon, by Alphonse Daudet                                        
 [Subtitle: Dernières aventures de l'illustre Tartarin]
 [Language: French]",15645
"Jean Ziska, by George Sand                                               
 [Language: French]",15584
"Le capitaine Paul, by Alexandre Dumas                                    
 [Language: French]",15574
"Le parfum de la Dame en noir, by Gaston Leroux                           
 [Language: French]",15554
"Francia; Un bienfait n'est jamais perdu, by George Sand                  
 [Language: French]",15397
"Leone Leoni, by George Sand                                              
 [Language: French]",15388
"Teverino, by George Sand                                                 
 [Language: French]",15287
"Spiridion, by George Sand                                                
 [Language: French]",15239
"Oeuvres illustrees de George Sand, by George Sand                        
 [Subtitle: Les visions de la nuit dans les campagnes
   - La vallee noire - Une visite aux catacombes]
 [Language: French]",15235
"Nanon, by George Sand                                                    
 [Subtitle: La bibliotheque precieuse]
 [Language: French]",15226
"Les mille et un fantomes, by Alexandre Dumas                             
 [Language: French]",15208
"Un billet de loterie, by Jules Verne                                     
 [Language: French]",15203
"La maison à vapeur, by Jules Verne                                       
 [Subtitle: Voyage à travers l'Inde septentrionale]
 [Language: French]",14810
"La Jangada, by Jules Verne                                               
 [Subtitle: Huit cent lieues sur l'Amazone]
 [Language: French]",14806
"Journal des Goncourt (Deuxieme Volume), by Edmond de Goncourt            
 and Jules de Goncourt
 [Subtitle: Memoires de la vie literaire]
 [Language: French]",14803
"Journal des Goncourt (Premier Volume), by Edmond de Goncourt             
  and Jules de Goncourt
 [Subtitle: Memoires de la vie literaire]
 [Language: French]",14799
"La vie errante, by Guy de Maupassant                                     
 [Language: French]",14793
"Contes du jour et de la nuit, by Guy de Maupassant                       
 [Illustrator: Paul Cousturier]
 [Language: French]",14790
"Un hiver a Majorque, by George Sand                                      
 [Language: French]",14688
"Cesarine Dietrich, by George Sand                                        
 [Language: French]",14564
"Autour de la table, by George Sand                                       
 [Language: French]",14372
"L'ile mysterieuse, by Jules Verne                                        
 [Language: French]",14287
"Les enfants du capitaine Grant, by Jules Verne                           
 [Language: French]",14163
"Les tribulations d'un chinois en Chine, by Jules Verne                   
 [Language: French]",14162
"Bouvard et Pecuchet, by Gustave Flaubert                                 
 [Language: French]",14157
"Dictionnaire des idees recues, by Gustave Flaubert                       
 [Language: French]",14156
"Madame Bovary, by Gustave Flaubert                                       
 [Language: French]",14155
"La Daniella, Vol. 2, by George Sand                                      
 [Language: French]",14038
"Vingt ans apres, by Alexandre Dumas                                      
 [Language: French]",13952
"Les trois mousquetaires, by Alexandre Dumas                              
 [Language: French]",13951
"Le vicomte de Bragelonne, Tome IV, by Alexandre Dumas                    
 [Language: French]",13950
"Le vicomte de Bragelonne, Tome III, by Alexandre Dumas                   
 [Language: French]",13949
"Le vicomte de Bragelonne, Tome II, by Alexandre Dumas                    
 [Language: French]",13948
"Le vicomte de Bragelonne, Tome I, by Alexandre Dumas                     
 [Language: French]",13947
"La Daniella, Vol. I, by George Sand                                      
 [Language: French]",13917
"Le meunier d'Angibault, by George Sand                                   
 [Language: French]",13892
"Correspondance, 1812-1876, Tome 4, by George Sand                        
 [Language: French]",13875
"Regrets sur ma vieille robe de chambre, by Denis Diderot                 
 [Subtitle: Ou, Avis A Ceux Qui Ont Plus De Gout Que De Fortune]
 [Language: French]",13863
"Le neveu de Rameau, by Denis Diderot                                     
 [Language: French]",13862
"La reine Margot - Tome II, by Alexandre Dumas, Pere                      
 [Language: French]",13857
"La reine Margot - Tome I, by Alexandre Dumas, Pere                       
 [Language: French]",13856
"Correspondance, Vol. 5, 1812-1876, by George Sand                        
 [Language: French]",13839
"Correspondance, Vol. 3, 1812-1876, by George Sand                        
 [Language: French]",13838
"Correspondance, Vol. 2, 1812-1876, by George Sand                        
 [Language: French]",13837
"Sapho, by Alphonse Daudet                                                
 [Language: French]",13825
"Les compagnons de Jehu, by Alexandre Dumas                               
 [Language: French]",13819
"Jacques, by George Sand                                                  
 [Language: French]",13818
"Les etranges noces de Rouletabille, by Gaston Leroux                     
 [Language: French]",13772
"Le mystere de la chambre jaune, by Gaston Leroux                         
 [Language: French]",13765
"Isidora, by George Sand                                                  
 [Language: French]",13744
"George Sand et ses amis, by Abert Le Roy                                 
 [Language: French]",13737
"Horace, by George Sand                                                   
 [Language: French]",13671
"Le chateau des Desertes, by George Sand                                  
 [Language: French]",13668
"Elle et lui, by George Sand                                              
 [Language: French]",13653
"Correspondance, Vol. 1, 1812-1876, by George Sand                        
 [Language: French]",13629
"La Esmeralda, by Victor Hugo                                             
 [Language: French]",13628
"Une histoire d'Amour, by Paul Marieton                                   
 [Subtitle: George Sand and A. de Musset,
  Documents in‚dits, Lettres de Musset
 [Language: French]",13622
"L'Uscoque, by George Sand                                                
 [Language: French]",13592
"Andre, by George Sand                                                    
 [Language: French]",13431
"Gabriel, by George Sand                                                  
 [Language: French]",13380
"Consuelo, Vol. 3, 1861, by George Sand                                   
 [Language: French]",13374
"Kourroglou, by George Sand                                               
 [Language: French]",13303
"Valvedre, by George Sand                                                 
 [Language: French]",13263
"Consuelo, Vol. 2, 1861, by George Sand                                   
 [Language: French]",13258
"Le petit chose, by Alphonse Daudet                                       
 [Language: French]",13256
"Nouvelles lettres d'un voyageur, by George Sand                          
 [Language: French]",13198
"Dialogue aux enfers entre Machiavel et Montesquieu, by Maurice Joly      
 [Subtitle: ou la politique de Machiavel au XIXe
  Siecle par un contemporain]
 [Language: French]",13187
"George Sand, by Elme Caro                                                
 [Language: French]",13038
"La Marquise, by George Sand                                              
 [Language: French]",13025
"Lavinia, by George Sand                                                  
 [Language: French]",13016
"L'Immortel, by Alphonse Daudet                                           
 [Language: French]",12950
"Promenades autour d'un village, by George Sand                           
 [Language: French]",12889
"Metella, by George Sand                                                  
 [Language: French]",12869
"Mattea, by George Sand                                                   
 [Language: French]",12865
"Aldo le rimeur, by George Sand                                           
 [Language: French]",12862
"Cora, by George Sand                                                     
 [Language: French]",12837
"Le nabab, tome II, by Alphonse Daudet                                    
 [Language: French]",12727
"Le nabab, tome I, by Alphonse Daudet                                     
 [Language: French]",12726
"Consuelo, Vol. 1, 1861, by George Sand                                   
 [Language: French]",12666
"Le peche de Monsieur Antoine, Vol. 2, by George Sand                     
 [Language: French]",12534
"Sans dessus dessous, by Jules Verne                                      
 [Language: French]",12533
"L'Orco, by George Sand                                                   
 [Language: French]",12448
"Pauline, by George Sand                                                  
 [Language: French]",12447
"Le peche de Monsieur Antoine I, by George Sand                           
 [Language: French]",12367
"Contes d'une grand-mere, by George Sand                                  
 [Language: French]",12338
"Trois contes, by Gustave Flaubert                                        
 [Language: French]",12065
"Monsieur Parent, by Guy de Maupassant                                    
 [Subtitle: Et autres histoires courtes]
 [Language: French]",12011
"Aventures du Capitaine Hatteras, by Jules Verne                          
 [Language: French]",11927
"Lettres de mon moulin, by Alphonse Daudet                                
 [Language: French]",11770
"Contes de la Becasse, by Guy de Maupassant                               
 [Language: French]",11714
"La rotisserie de la Reine Pedauque, by Anatole France                    
 [Author a.k.a. Anatole Francois Thibault]
 [Language: French]",11645
"Mlle Fifi, by Guy de Maupassant                                          
 [Subtitle: Nouveaux Contes]
 [Language: French]",11597
"La Maison Tellier, by Guy de Maupassant                                  
 [Language: French]",11596
"Le Docteur Ox, by Jules Verne                                            
 [Subtitle: Le Docteur Ox; Maetre Zacharius; Un drame dans les airs;
  Un hivernage dans les glaces; Quarantisme ascension francaise au
  Mont-Blanc, par Paul Verne]
 [Language: French]",11589
"La Main Gauche, by Guy de Maupassant                                     
 [Language: French]",11495
"Le pilote du Danube, by Jules Verne                                      
 [Language: French]",11484
"Fort comme la mort, by Guy de Maupassant                                 
 [Language: French]",11450
"Claire de Lune, by Guy de Maupassant                                     
 [Language: French]",11199
"L'inutile beaute, by Guy de Maupassant                                   
 [Language: French]",11175
"Pierre et Jean, by Guy de Maupassant                                     
 [Language: French]",11131
"La tentation de Saint Antoine, by Gustave Flaubert                       
 [Language: French]",10982
"Le Horla and Other Stories, by Guy de Maupassant                         
 [Language: French]",10775
"Boule de Suif, by Guy de Maupassant                                      
 [Language: French]",10746
"Tartarin de Tarascon, by Alphonse Daudet                                 
 [Language: French]",10687
"Pierre Noziere, by Anatole France                                        
 [Language: French]",10160
"Hernani, by Victor Hugo                                                   
 [Language: French]",9976
"Quatrevingt-Treize, by Victor Hugo                                        
 [Language: French]",9645
"Littérature et Philosophie mêlées, by Victor Hugo                         
 [Language: French]",9644
"La dame de Monsoreau v.3, by Alexandre Dumas                              
 [Language: French]",9639
"La dame de Monsoreau v.2, by Alexandre Dumas                              
 [Language: French]",9638
"La dame de Monsoreau v.1, by Alexandre Dumas                              
 [Language: French]",9637
"Le corricolo, by Alexandre Dumas                                          
 [Language: French]",9262
"Le Speronare, by Alexandre Dumas                                          
 [Language: French]",8863
"Le Capitaine Arena:  Vol. 1, by Alexandre Dumas, Pere                     
 [Language: French]",8693
"Le Capitaine Arena:  Vol. 2, by Alexandre Dumas, Pere                     
 [Language: French]",8692
"L'Île Des Pingouins, by Anatole France                                    
 [Language: French]",8524
"Actes et Paroles, Vol. 4, by Victor Hugo                                  
 [Subtitle: Depuis l'exil 1876-1885]
 [Language: French]",8490
"Actes et Paroles, vol. 3, by Victor Hugo                                  
 [Language: French]",8454
"Actes et Paroles vol. II, by Victor Hugo                                  
 [Subtitle: Pendant l'exil 1852-1870]
 [Language: French]",8453
"Nouveaux Contes à Ninon, by Émile Zola                                    
 [Language: French]",8416
"Actes et Paroles, Vol. 1, by Victor Hugo                                  
 [Language: French]",8186
"Kéraban-Le-Têtu, Tome 2, by Jules Verne                                   
 [Language: French]",8175
"Kéraban-Le-Têtu, Tome 1, by Jules Verne                                   
 [Language: French]",8174
"Les Quarante-Cinq, Tome 3, by Alexandre Dumas                             
 [Language: French]",7772
"Les Quarante-Cinq, Tome 2, by Alexandre Dumas                             
 [Language: French]",7771
"Les Quarante-Cinq, Tome 1, by Alexandre Dumas                             
 [Language: French]",7770
"Contes à Ninon, by Émile Zola                                             
 [Language: French]",7462
"Michel Strogoff, by Jules Verne                                           
 [Language: French]",7442
"Monsieur Bergeret à Paris, by Anatole France                              
 [Subtitle: Histoire Contemporaine]
 [Author a.k.a.: Jacques Anatole Thibault]
 [Language: French]",7268
"Sur la pierre blanche, by Anatole France                                  
 [Language: French]",7173
"Han d'Islande, by Victor Hugo                                             
 [Language: French]",6994
"Le Dernier Jour d'un Condamné, by Victor Hugo                             
 [Language: French]",6838
"La Faute de l'Abbé Mouret, by Émile Zola                                  
 [Language: French]",6558
"Supplement au Voyage de Bougainville, by Denis Diderot                    
 [Language: French]",6501
"Le Ventre de Paris, by Émile Zola                                         
 [Language: French]",6470
"Thaïs, by Anatole France                                                  
 [Language: French]",6377
"Bric-à-brac, by Alexandre Dumas                                           
 [Language: French]",6319
"L'homme qui rit, by Victor Hugo                                           
 [Language: French]",5423
"Le Jardin d'Epicure, by Anatole France                                    
 [Language: French]",5147
"Le Monde comme il va, vision de Babouc, by Voltaire                       
 [Author a.k.a. Jean-Marie Arouet]
 [Language: French]",5138
"Robur-le-Conquerant, by Jules Verne                                       
 [Language: French]",5126
"Tartarin sur les Alpes, by Alphonse Daudet                                
 [Language: French]",5105
"Histoire d'un casse-noisette, by Alexandre Dumas                          
 [Language: French]",5104
"20000 Lieues sous les mers Parts 1 & 2, by Jules Verne                    
 [Language: French]",5097
"20000 Lieues sous les mers Part 2, by Jules Verne                         
 [Language: French]",5096
"20000 Lieues sous les mers Part 1, by Jules Verne                         
 [Language: French]",5095
"Le château des Carpathes, by Jules Verne                                  
 [Language: French]",5082
"Les Indes Noires, by Jules Verne                                          
 [Language: French]",5081
"Les Cinq Cents Millions de la Begum, by Jules Verne                       
 [Language: French]",4968
"Voyage au Centre de la Terre, by Jules Verne                              
 [Language: French]",4791
"Jeannot et Colin, by Voltaire                                             
 [Language: French]",4772
"Le Blanc et le Noir, by Voltaire                                          
 [Language: French]",4771
"Histoire des Voyages de Scarmentado, by Voltaire                          
 [Subtitle:  Romans Vol. 6]
 [Language: French]",4718
"Autour de la Lune, by Jules Verne                                         
 [Language: French]",4717
"L'Ingenu, Volume 5, by Voltaire                                           
 [Language: French]",4651
"Candide, Volume 4, by Voltaire                                            
 [Language: French]",4650
"Micromegas, Volume 3, by Voltaire                                         
 [Language: French]",4649
"Memnon, Volume 2, by Voltaire                                             
 [Language: French]",4648
"Zadig, Volume 1, by Voltaire                                              
 [Language: French]",4647
"Cinq Semaines En Ballon, by Jules Verne                                   
 [Language: French]",4548
"Vie de Molière, by Voltaire                                               
 [Language: French]",3644
"Tour Du Mond 80 Jours, by Jules Verne                                    
 [Language: French]",3456
"Henri III et sa Cour, by Alexandre Dumas, Pere                           
 [Language: French]",2682
"La Dame aux Camelias, by Alexandre Dumas                                 
 [Language: French]",2419
"La Tulipe Noire, by Alexandre Dumas, Pere                                
 [Language: French]",1910
"La Duchesse de Palliano, by Stendhal                                       
 [Language: French]",803
"Vittoria Accoramboni, Duchesse de Bracciano, by Stendhal                   
 [Language: French]",802
"Les Cenci, by Stendhal                                                     
 [Language: French]",801
"Le Tour du Monde en 80 Jours, by Jules Verne                               
 [Language: French]",800
"De La Terre a La Lune, by Jules Verne                                      
 [Language: French]",799
"Le Rouge et le Noir, by Stendhal                                           
 [Subtitle: Chronique du 19th siècle]
 [Language: French]",798
"L'Abbesse de Castro, by Stendhal                                           
 [Language: French]",797
"La Chartreuse de Parme, by Stendhal                                        
 [Author a.k.a. Marie-Henri Beyle]
 [Language: French]",796
